Workbook

Sheet Start here
A1: Beelzebub v0.136 — ability test plan
A2: Generated 2026-09-23 from the shipped default rules. Every ability the Discord tester baseline changed is listed. Fill in the yellow columns.
A4: Progress
A5: Sheet | B5: Abilities | C5: Pass | D5: Partial | E5: Fail | F5: Can't test | G5: Done %
A6: Presets | B6: 209 | C6: =COUNTIF(Presets!L2:L210,"Pass") -> 4 | D6: =COUNTIF(Presets!L2:L210,"Partial") -> 0 | E6: =COUNTIF(Presets!L2:L210,"Fail") -> 0 | F6: =COUNTIF(Presets!L2:L210,"Can't test") -> 0 | G6: =IF(B6=0,0,SUM(C6:F6)/B6) -> 0.019138756
A7: Hard-blocked | B7: 20 | C7: =COUNTIF('Hard-blocked'!H2:H21,"Pass") -> 0 | D7: =COUNTIF('Hard-blocked'!H2:H21,"Partial") -> 0 | E7: =COUNTIF('Hard-blocked'!H2:H21,"Fail") -> 0 | F7: =COUNTIF('Hard-blocked'!H2:H21,"Can't test") -> 0 | G7: =IF(B7=0,0,SUM(C7:F7)/B7) -> 0
A8: Soft-disabled | B8: 386 | C8: =COUNTIF('Soft-disabled'!H2:H387,"Pass") -> 0 | D8: =COUNTIF('Soft-disabled'!H2:H387,"Partial") -> 0 | E8: =COUNTIF('Soft-disabled'!H2:H387,"Fail") -> 0 | F8: =COUNTIF('Soft-disabled'!H2:H387,"Can't test") -> 0 | G8: =IF(B8=0,0,SUM(C8:F8)/B8) -> 0
A9: Total | B9: =SUM(B6:B8) -> 615 | C9: =SUM(C6:C8) -> 4 | D9: =SUM(D6:D8) -> 0 | E9: =SUM(E6:E8) -> 0 | F9: =SUM(F6:F8) -> 0 | G9: =IF(B9=0,0,SUM(C9:F9)/B9) -> 0.006504065
A11: Before you start
A12: 1. Stop the server, deploy the v0.136 build, start the server.
A13: 2. Run .beelz admin reseed replace CONFIRM once (it keeps a backup). Without it, the preset values are NOT copied onto abilities your server already has.
A14: 3. Check the data is live: .beelz admin ability AB_Lucie_LiquidFire_AbilityGroup shows cooldown=10 and freelymove=0.5.
A15: 4. Turn on VerboseLogging so the [Beelz CD] / [Beelz TUNE] log lines show what fired.
A17: How to test a row
A18: • "How to test" gives the exact commands. <you> is your character name; <slot> is the spell slot to put it on. The unit GUID in the give command is only a source label.
A19: • Compare what happens with "Expected result", write what you saw in "Actual result", then pick Worked? (Pass / Partial / Fail / Can't test). The Progress table above updates itself.
A20: • Priority "High" = the hand-picked checklist rows plus every ability whose cooldown Beelzebub now starts itself (new, untested in game). Filter the Priority column to do those first.
A21: • If a preset seems to cause a problem: .beelz admin ability <prefab> defaults removes that one ability's preset.
A23: What the modified settings mean
A24: • freelymove = seconds into the cast after which you can move (fixes "locked in place"). If it doesn't unroot, look for freelymove=SKIP(shared) in the log — the edit was refused because parts are shared with another ability.
... A33: • Soft-disabled (386) — off by default (non-functional or not worth using). Spot-check a few, and use "Your call" to mark any you think should ship enabled.

Sheet Presets
A1: # | B1: Priority | C1: Change type | D1: Ability | E1: Source unit | F1: What was modified (setting = value) | G1: Native (game) values | H1: Tester feedback | I1: Expected result | J1: How to test | K1: Actual result (your notes) | L1: Worked?
A2: 1 | B2: High | C2: Cooldown | D2: Eye of the Storm AB_Monster_LightningStorm_AbilityGroup | E2: Adam the Firstborn | F2: cooldown = 120 | G2: cooldown 1s · cast 2s | H2: Monster Lightning Storm: lightning storm of strikes, each doing damage. Duration of spell is 12 sec. it releases you as soon as cast. Very Nice! Great Ultimate Needs 100 or 120 cooldown Category: Spell Cooldown: 3s | I2: • Can't recast for 120s (native 1s). | J2: .beelz admin give <you> 1233988687 -820078889 .beelz grant <slot> -820078889 Check values: .beelz admin ability AB_Monster_LightningStorm_AbilityGroup | K2: Works with 120 second cooldown | L2: Pass
A3: 2 | B3: High | C3: Cooldown | D3: Monster Electric Field AB_Monster_ElectricField_AbilityGroup | E3: Adam the Firstborn | F3: cooldown = 120 | G3: cooldown 1s · cast 1.8s | H3: Monster Electric Field: Massive AOE. AOE cirlce starts at player, circles multiply (1/4/8/10/14) and move out in rings creating large area of damage. 4 waves **Category AOE** Great for an Ultimate! Suggest a 120s cooldown Category: Other ** Cooldown: Needed** | I3: • Can't recast for 120s (native 1s). | J3: .beelz admin give <you> 1233988687 -1503327574 .beelz grant <slot> -1503327574 Check values: .beelz admin ability AB_Monster_ElectricField_AbilityGroup | K3: Works with 120 second cooldown | L3: Pass
A4: 3 | B4: High | C4: Cooldown | D4: Sanguine Coil AB_Sommelier_BloodBolt_AbilityGroup | E4: Baron du Bouchon the Sommelier | F4: cooldownscale = 0.5 | G4: cooldown 6s · cast 2s | H4: Sommelier Blood Bolt: Single red projectile similar to shadowbolt. 4 tile spell distance. Cooldown seems too long for a simple spell Category: Projectile Cooldown: 6s | I4: • Cooldown is about 3s (native 6s × 0.5). | J4: .beelz admin give <you> 192051202 215933642 .beelz grant <slot> 215933642 Check values: .beelz admin ability AB_Sommelier_BloodBolt_AbilityGroup | K4: Works with 3 sec shortened cooldown | L4: Pass
A5: 4 | B5: High | C5: Cooldown | D5: Shockwave AB_Vampire_Dracula_ShockwaveFastSlash_AbilityGroup | E5: Dracula the Immortal King | F5: cooldown = 10 | G5: cooldown ?s · cast ?s | H5: Vampire Dracula Shockwave Fast Slash: They are big red sword swipes from Dracula. They both say they have a cast time of 1 sec, but Fast Slash is twice as fast. Slash lets you cast 2 in quick succession, then slight pause. Fast Slash let's you cast 4 in quick succession, then slight pause. No Cooldown. Maybe it is Dracula's primary attack? | I5: • Can't recast for 10s. It had no cooldown of its own, so Beelzebub starts one: the client may not show a cooldown swipe, but the recast must be refused. | J5: .beelz admin give <you> -327335305 -1473399128 .beelz grant <slot> -1473399128 Check values: .beelz admin ability AB_Vampire_Dracula_ShockwaveFastSlash_AbilityGroup | K5: Works with 10 second cooldown. However, notably there are two of this ability. Only one gained the cooldown. Also notably the other without the cooldown is a chain attack. There are two attacks in the series, each of which is triggered via button push. I don't know if the one with a cooldown was the same. | L5: Pass
A6: 5 | B6: High | C6: Cooldown | D6: Vampire Dracula Blood Shower AB_Vampire_Dracula_BloodShower_AbilityGroup | E6: Dracula the Immortal King | F6: cooldown = 10 | G6: cooldown ?s · cast ?s | H6: Vampire Dracula Blood Shower: 1.3 sec cast. No cooldown. Cast a wall of blood projectiles from behind you that advance forward to deal damage and leech. | I6: • Can't recast for 10s. It had no cooldown of its own, so Beelzebub starts one: the client may not show a cooldown swipe, but the recast must be refused. | J6: .beelz admin give <you> -327335305 -1765846328 .beelz grant <slot> -1765846328 Check values: .beelz admin ability AB_Vampire_Dracula_BloodShower_AbilityGroup
A7: 6 | B7: High | C7: Cooldown | D7: Vampire Dracula Slice NDice AB_Vampire_Dracula_SliceNDice_AbilityGroup | E7: Dracula the Immortal King | F7: cooldown = 10 | G7: cooldown ?s · cast ?s | H7: Vampire Dracula Slice N Dice: 1.4 sec cast time. After that follow up with a quick dash half a tile forward (2 units). Swing Dracula's big red sword left. You can press again to immediately dash another half tile and swing right in this two-hit-combo. No cooldown because it is a primary attack sequence. Good. | I7: • Can't recast for 10s. It had no cooldown of its own, so Beelzebub starts one: the client may not show a cooldown swipe, but the recast must be refused. | J7: .beelz admin give <you> -327335305 -847327302 .beelz grant <slot> -847327302 Check values: .beelz admin ability AB_Vampire_Dracula_SliceNDice_AbilityGroup
A8: 7 | B8: High | C8: Cooldown | D8: Bandit Stone Breaker Swing Attack Hard AB_Bandit_StoneBreaker_SwingAttack_Hard_AbilityGroup | E8: Errol the Stonebreaker | F8: cooldown = 30 | G8: cooldown 0s · cast 1s | H8: Bandit Stone Breaker Swing Attack Hard: - 1-1.5 sec cast time then dash forward to stun and knockback target. No cooldown. It also has 2 second end lag. It does work on V-bloods and training dummy. I still think this is worth keeping. | I8: • Can't recast for 30s. It had no cooldown of its own, so Beelzebub starts one: the client may not show a cooldown swipe, but the recast must be refused. | J8: .beelz admin give <you> -2025101517 1684865572 .beelz grant <slot> 1684865572 Check values: .beelz admin ability AB_Bandit_StoneBreaker_SwingAttack_Hard_AbilityGroup
A9: 8 | B9: High | C9: Cooldown | D9: Bandit Stone Breaker VBlood Swing Attack AB_Bandit_StoneBreaker_VBlood_SwingAttack_AbilityGroup | E9: Errol the Stonebreaker | F9: cooldown = 10 | G9: cooldown 0s · cast 0.9s | H9: Bandit Stone Breaker V Blood Swing Attack: - 1 sec cast time then dash forward knockback target a short distance. No cooldown. It also has 2 second end lag. | I9: • Can't recast for 10s. It had no cooldown of its own, so Beelzebub starts one: the client may not show a cooldown swipe, but the recast must be refused. | J9: .beelz admin give <you> -2025101517 -331113507 .beelz grant <slot> -331113507 Check values: .beelz admin ability AB_Bandit_StoneBreaker_VBlood_SwingAttack_AbilityGroup
A10: 9 | B10: High | C10: Cooldown | D10: Wendigo Frost Nova AB_Wendigo_FrostNova_AbilityGroup | E10: Frostmaw the Mountain Terror | F10: cooldown = 8 | G10: cooldown 0s · cast 2s | H10: Wendigo Frost Nova: large ice nova AOE animation (like end of Arctic leap) Does damage as it flows over enemy unit and inflicts Chill for damage. Category: Aoe Creature: Other Desc: Captured from Wendigo. Cooldown: 0s Tested: Unarmed/universal/Sword | I10: • Can't recast for 8s. It had no cooldown of its own, so Beelzebub starts one: the client may not show a cooldown swipe, but the recast must be refused. | J10: .beelz admin give <you> 24378719 1238313774 .beelz grant <slot> 1238313774 Check values: .beelz admin ability AB_Wendigo_FrostNova_AbilityGroup
A11: 10 | B11: High | C11: Cooldown | D11: Wendigo Ice Beam First AB_Wendigo_IceBeam_First_AbilityGroup | E11: Frostmaw the Mountain Terror | F11: cooldown = 8 | G11: cooldown 0s · cast 1.2s | H11: Wendigo Ice Beam First: Clockwise Ice beam. does damage as beam makes contact, and freeze snare lasts ~1.5s. Must place the cursor on character to engage spell. Category: Projectile Creature: Other Desc: Captured from Wendigo. Cooldown: 0 Tested: Unarmed/universal/Sword | I11: • Can't recast for 8s. It had no cooldown of its own, so Beelzebub starts one: the client may not show a cooldown swipe, but the recast must be refused. | J11: .beelz admin give <you> 24378719 495259674 .beelz grant <slot> 495259674 Check values: .beelz admin ability AB_Wendigo_IceBeam_First_AbilityGroup
A12: 11 | B12: High | C12: Cooldown | D12: Corrupted Skull AB_HighLord_UnholySkill_AbilityGroup | E12: General Cassius the Betrayer | F12: cooldown = 10 | G12: cooldown 0s · cast 0.7s | H12: High Lord Unholy Skill: Basic Corrupted skull. spwns one skeleton single ball cast no cooldown. Category: Spell Creature: Vampire Desc: Launch a projectile that deals {damage} magic damage, summons a skeleton and inflicts Condemn. The attack deals {bonusdamage} bonus damage to enemies below 30% health. Cooldown: none Tested: Unarmed/Sword/Universal | I12: • Can't recast for 10s. It had no cooldown of its own, so Beelzebub starts one: the client may not show a cooldown swipe, but the recast must be refused. | J12: .beelz admin give <you> -496360395 -1298764600 .beelz grant <slot> -1298764600 Check values: .beelz admin ability AB_HighLord_UnholySkill_AbilityGroup
A13: 12 | B13: High | C13: Cooldown | D13: Vampire Blood Knight Field Of Spears AB_Vampire_BloodKnight_FieldOfSpears_AbilityGroup | E13: General Valencia the Depraved | F13: cooldown = 30 | G13: cooldown 0s · cast 1.2s | H13: Vampire Blood Knight Field Of Spears: Rain of spears from sky. Large area AOE. each spear does damage. Awesome! maybe should have a cooldown.? Category: Aoe Cooldown: none | I13: • Can't recast for 30s. It had no cooldown of its own, so Beelzebub starts one: the client may not show a cooldown swipe, but the recast must be refused. | J13: .beelz admin give <you> 495971434 -1730693034 .beelz grant <slot> -1730693034 Check values: .beelz admin ability AB_Vampire_BloodKnight_FieldOfSpears_AbilityGroup
A14: 13 | B14: High | C14: Cooldown | D14: Militia Glassblower Glass Rain AB_Militia_Glassblower_GlassRain_AbilityGroup | E14: Grethel the Glassblower | F14: cooldown = 20 | G14: cooldown 1s · cast 1.5s | H14: Militia Glassblower Glass Rain: 7-10 pools of molten glass sporadically cover a vast area, inflicting ground AOE damage where they spawn. They remain actively doing damage for 20+ seconds. 1.5 second cast time. Category: Other Creature: Humanoid Desc: Captured from Militia Glassblower. Cooldown: 1s | I14: • Can't recast for 20s (native 1s). | J14: .beelz admin give <you> 910988233 -212014657 .beelz grant <slot> -212014657 Check values: .beelz admin ability AB_Militia_Glassblower_GlassRain_AbilityGroup
A15: 14 | B15: High | C15: Cooldown | D15: Arch Mage Crystal Lance AB_ArchMage_CrystalLance_AbilityGroup | E15: Mairwyn the Elementalist | F15: cooldown = 10 | G15: cooldown 0s · cast 1.5s | H15: Arch Mage Crystal Lance | I15: • Can't recast for 10s. It had no cooldown of its own, so Beelzebub starts one: the client may not show a cooldown swipe, but the recast must be refused. | J15: .beelz admin give <you> -2013903325 1520734123 .beelz grant <slot> 1520734123 Check values: .beelz admin ability AB_ArchMage_CrystalLance_AbilityGroup
A16: 15 | B16: High | C16: Cooldown | D16: Arch Mage Fire Spinner AB_ArchMage_FireSpinner_AbilityGroup | E16: Mairwyn the Elementalist | F16: cooldown = 10 | G16: cooldown 0s · cast 1.8s | H16: Arch Mage Fire Spinner: **No cooldown. ** 1.8 sec cast time. Creates a fire spinner that shoots out fireballs for its duration. | I16: • Can't recast for 10s. It had no cooldown of its own, so Beelzebub starts one: the client may not show a cooldown swipe, but the recast must be refused. | J16: .beelz admin give <you> -2013903325 1217615468 .beelz grant <slot> 1217615468 Check values: .beelz admin ability AB_ArchMage_FireSpinner_AbilityGroup
A17: 16 | B17: High | C17: Cooldown | D17: Militia Light Arrow Basic Shot AB_Militia_LightArrow_BasicShot_AbilityGroup | E17: Meredith the Bright Archer | F17: cooldown = 10 | G17: cooldown 0s · cast 1.6s | H17: Militia Light Arrow Basic Shot: Strong single target ranged attack. Cast time 1.6 seconds. No cooldown. Feels like the cast time is too long, because you must stand in place to cast. Category: Projectile Creature: Humanoid Desc: Captured from Militia Longbowman Light Arrow. | I17: • Can't recast for 10s. It had no cooldown of its own, so Beelzebub starts one: the client may not show a cooldown swipe, but the recast must be refused. | J17: .beelz admin give <you> 850622034 764619540 .beelz grant <slot> 764619540 Check values: .beelz admin ability AB_Militia_LightArrow_BasicShot_AbilityGroup
... A210: 209 | B210: Normal | C210: Unrooted + Weapon limit | D210: Undead Cursed Smith Summon Weapon Sword AB_Undead_CursedSmith_Summon_WeaponSword_AbilityGroup | E210: Cyril the Cursed Smith | F210: freelymove = 1.75 weapons = Magic | G210: cooldown 2s · cast 1.75s | H210: Undead Cursed Smith Summon Weapon Sword: Spawns ghostly illusion weapon summons. Single weapon is only 1 weapon and is a 2.5 cast time and **locked in place**. All Weapons is 1 of each, 5 total, and is a 7 sec cast time and **locked in place**. All Weapons can have unit limit reduced by admin options to be less than 5, but not more. Single weapons amount cannot be adjusted by admin options. | I210: • You can walk about 1.75s into the cast instead of standing rooted for the whole cast/channel. The ability still fires and hits normally. • Only usable with: Magic. | J210: .beelz admin give <you> 326378955 -332863103 .beelz grant <slot> -332863103 Check values: .beelz admin ability AB_Undead_CursedSmith_Summon_WeaponSword_AbilityGroup

Sheet Hard-blocked
A1: # | B1: Ability | C1: Source unit | D1: Why it is blocked (tester feedback) | E1: Expected result | F1: How to check | G1: Actual result (your notes) | H1: Worked?
A2: 1 | B2: Barrel Roll AB_Sommelier_BarrelDance_AbilityGroup | C2: Baron du Bouchon the Sommelier | D2: Sommelier Barrel Dance - DO NOT USE: barrels roll across map, damage/fell trees on neighboring plots | E2: Never drops from the unit and can't be granted into use. `.beelz admin ability AB_Sommelier_BarrelDance_AbilityGroup` shows enabled=off, reviewstatus=Blocked. | F2: .beelz admin ability AB_Sommelier_BarrelDance_AbilityGroup
A3: 2 | B3: Barrel Roll AB_Sommelier_HorizontalBarrel_AbilityGroup | C3: Baron du Bouchon the Sommelier | D3: Sommelier Horizontal Barrel - DO NOT USE (his-room barrels, environment-destructive) | E3: Never drops from the unit and can't be granted into use. `.beelz admin ability AB_Sommelier_HorizontalBarrel_AbilityGroup` shows enabled=off, reviewstatus=Blocked. | F3: .beelz admin ability AB_Sommelier_HorizontalBarrel_AbilityGroup
A4: 3 | B4: Militia Bell Ringer Ring Bell AB_Militia_BellRinger_RingBell_AbilityGroup | C4: Bell Ringer | D4: Militia Bell Ringer Ring Bell - CRASHES GAME when sword E used after; locks you in place whole time | E4: Never drops from the unit and can't be granted into use. `.beelz admin ability AB_Militia_BellRinger_RingBell_AbilityGroup` shows enabled=off, reviewstatus=Blocked. | F4: .beelz admin ability AB_Militia_BellRinger_RingBell_AbilityGroup
A5: 4 | B5: High Lord Leap Strike AB_HighLord_LeapStrike_AbilityGroup | C5: General Cassius the Betrayer | D5: High Lord Leap Strike - BROKEN, locks character in T-pose; must SUICIDE to escape | E5: Never drops from the unit and can't be granted into use. `.beelz admin ability AB_HighLord_LeapStrike_AbilityGroup` shows enabled=off, reviewstatus=Blocked. | F5: .beelz admin ability AB_HighLord_LeapStrike_AbilityGroup
A6: 5 | B6: Ice Ranger Tower Of Frost AB_IceRanger_TowerOfFrost_AbilityGroup | C6: General Elena the Hollow | D6: Ice Ranger Tower Of Frost - launches you into the sky on cast (stuck in air, no block to destroy) | E6: Never drops from the unit and can't be granted into use. `.beelz admin ability AB_IceRanger_TowerOfFrost_AbilityGroup` shows enabled=off, reviewstatus=Blocked. | F6: .beelz admin ability AB_IceRanger_TowerOfFrost_AbilityGroup
A7: 6 | B7: Ice Ranger Tower Of Frost Low Health AB_IceRanger_TowerOfFrost_LowHealth_AbilityGroup | C7: General Elena the Hollow | D7: Ice Ranger Tower Of Frost Low Health - launches you into the sky on cast (stuck in air) | E7: Never drops from the unit and can't be granted into use. `.beelz admin ability AB_IceRanger_TowerOfFrost_LowHealth_AbilityGroup` shows enabled=off, reviewstatus=Blocked. | F7: .beelz admin ability AB_IceRanger_TowerOfFrost_LowHealth_AbilityGroup
A8: 7 | B8: Gloomrot Technician Fiddle AB_Gloomrot_Technician_Fiddle_AbilityGroup | C8: Labworker | D8: Gloomrot Technician Fiddle - CRASHES GAME when a vanilla weapon E is used while it is bound | E8: Never drops from the unit and can't be granted into use. `.beelz admin ability AB_Gloomrot_Technician_Fiddle_AbilityGroup` shows enabled=off, reviewstatus=Blocked. | F8: .beelz admin ability AB_Gloomrot_Technician_Fiddle_AbilityGroup
A9: 8 | B9: Mist Walk AB_Undead_BishopOfShadows_ShadowStep_AbilityGroup | C9: Leandra the Shadow Priestess | D9: Bishop of Shadows ShadowStep (Leandra) - KILLS THE PLAYER regardless of HP (died at 800-1200hp); minions never despawn until death. Blocked for now. | E9: Never drops from the unit and can't be granted into use. `.beelz admin ability AB_Undead_BishopOfShadows_ShadowStep_AbilityGroup` shows enabled=off, reviewstatus=Blocked. | F9: .beelz admin ability AB_Undead_BishopOfShadows_ShadowStep_AbilityGroup
A10: 9 | B10: Undead Bishop Of Shadows Tripple Bolt AB_Undead_BishopOfShadows_TrippleBolt_AbilityGroup | C10: Leandra the Shadow Priestess | D10: Bishop of Shadows TrippleBolt (Leandra) - KILLS THE PLAYER regardless of HP; minions never despawn until death. Blocked for now. | E10: Never drops from the unit and can't be granted into use. `.beelz admin ability AB_Undead_BishopOfShadows_TrippleBolt_AbilityGroup` shows enabled=off, reviewstatus=Blocked. | F10: .beelz admin ability AB_Undead_BishopOfShadows_TrippleBolt_AbilityGroup
A11: 10 | B11: Castle Man Holy Beam AB_CastleMan_HolyBeam_AbilityGroup | C11: Simon Belmont the Vampire Hunter | D11: Castle Man Holy Beam - DO NOT USE: endless AOE follows player; REQUIRES DEATH to remove (admin debuff failed) | E11: Never drops from the unit and can't be granted into use. `.beelz admin ability AB_CastleMan_HolyBeam_AbilityGroup` shows enabled=off, reviewstatus=Blocked. | F11: .beelz admin ability AB_CastleMan_HolyBeam_AbilityGroup
A12: 11 | B12: Castle Man Holy Beam Hard AB_CastleMan_HolyBeam_Hard_AbilityGroup | C12: Simon Belmont the Vampire Hunter | D12: Castle Man Holy Beam Hard - DO NOT USE: endless AOE; REQUIRES DEATH to remove (admin debuff failed) | E12: Never drops from the unit and can't be granted into use. `.beelz admin ability AB_CastleMan_HolyBeam_Hard_AbilityGroup` shows enabled=off, reviewstatus=Blocked. | F12: .beelz admin ability AB_CastleMan_HolyBeam_Hard_AbilityGroup
A13: 12 | B13: Castle Man Tripple Spinning Cross AB_CastleMan_TrippleSpinningCross_AbilityGroup | C13: Simon Belmont the Vampire Hunter | D13: Castle Man Triple Spinning Cross - DO NOT USE: endless AOE; REQUIRES DEATH to remove (admin debuff failed) | E13: Never drops from the unit and can't be granted into use. `.beelz admin ability AB_CastleMan_TrippleSpinningCross_AbilityGroup` shows enabled=off, reviewstatus=Blocked. | F13: .beelz admin ability AB_CastleMan_TrippleSpinningCross_AbilityGroup
... A21: 20 | B21: Undead_ArenaChampion_CorpseBuff Undead_ArenaChampion_CorpseBuff | C21: — | D21: Gaius Arena Champion Corpse Buff - CHARACTER-BREAK (stuck/locked); permanent corpse buff | E21: Never drops from the unit and can't be granted into use. `.beelz admin ability Undead_ArenaChampion_CorpseBuff` shows enabled=off, reviewstatus=Blocked. | F21: .beelz admin ability Undead_ArenaChampion_CorpseBuff

Sheet Soft-disabled
A1: # | B1: Ability | C1: Source unit | D1: Why it is off (tester feedback) | E1: Preset ready if re-enabled | F1: Expected result | G1: Actual result (your notes) | H1: Worked? | I1: Your call
A2: 1 | B2: Monster Grab AB_Monster_Grab_AbilityGroup | C2: Adam the Firstborn | D2: Monster Grab: Lame! Tiny dash noes nothing dont even move one space Category: Other Creature: Other | E2: — | F2: Doesn't drop from this unit by default. `.beelz admin ability AB_Monster_Grab_AbilityGroup` shows enabled=off. Re-enable with `.beelz admin ability AB_Monster_Grab_AbilityGroup enabled true`.
A3: 2 | B3: Monster Lightning Slam Land AB_Monster_LightningSlam_Land_AbilityGroup | C3: Adam the Firstborn | D3: Jump high aloft for 12s, 10s of the 12s are doing ariels attack and rumble damage on ground to enemies. Can use the Monster Lightning Slam Land: Category: Spell Cooldown:1s | E3: — | F3: Doesn't drop from this unit by default. `.beelz admin ability AB_Monster_LightningSlam_Land_AbilityGroup` shows enabled=off. Re-enable with `.beelz admin ability AB_Monster_LightningSlam_Land_AbilityGroup enabled true`.
A4: 3 | B4: Monster Lightning Slam Lift Off AB_Monster_LightningSlam_LiftOff_AbilityGroup | C4: Adam the Firstborn | D4: Monster Lightning Slam Lift Off | E4: — | F4: Doesn't drop from this unit by default. `.beelz admin ability AB_Monster_LightningSlam_LiftOff_AbilityGroup` shows enabled=off. Re-enable with `.beelz admin ability AB_Monster_LightningSlam_LiftOff_AbilityGroup enabled true`.
A5: 4 | B5: Monster Stomp AB_Monster_Stomp_AbilityGroup | C5: Adam the Firstborn | D5: Monster Stomp: GLITCHY! Sometimes invisible. Large circle AOE w/damaging lightning rock shards shooting out from the center in 8 paths. Spell can be interrupted by enemies. Category: Aoe Creature: Other | E5: — | F5: Doesn't drop from this unit by default. `.beelz admin ability AB_Monster_Stomp_AbilityGroup` shows enabled=off. Re-enable with `.beelz admin ability AB_Monster_Stomp_AbilityGroup enabled true`.
A6: 5 | B6: Monster Throw AB_Monster_Throw_AbilityGroup | C6: Adam the Firstborn | D6: Monster Throw: Visual only Category: Projectile Creature: Other | E6: — | F6: Doesn't drop from this unit by default. `.beelz admin ability AB_Monster_Throw_AbilityGroup` shows enabled=off. Re-enable with `.beelz admin ability AB_Monster_Throw_AbilityGroup enabled true`.
A7: 6 | B7: Spectral Strike AB_Gloomrot_Monster_SideStepForward_AbilityGroup | C7: Adam the Firstborn | D7: Gloomrot Monster Side Step Forward: A full 3 space dash. No damage inflicted. Can pick direction but not length of dash. **Change Category to TRAVEL** Category: Buff Cooldown: None | E7: — | F7: Doesn't drop from this unit by default. `.beelz admin ability AB_Gloomrot_Monster_SideStepForward_AbilityGroup` shows enabled=off. Re-enable with `.beelz admin ability AB_Gloomrot_Monster_SideStepForward_AbilityGroup enabled true`.
A8: 7 | B8: Spectral Strike AB_Gloomrot_Monster_SideStepLeft_AbilityGroup | C8: Adam the Firstborn | D8: Gloomrot Monster Side Step Left: 2.5 space dash 30 degrees to the left. No damage. only can pick direction and not length of the dash. **Category TRAVEL** Category: Other Creature: Other | E8: — | F8: Doesn't drop from this unit by default. `.beelz admin ability AB_Gloomrot_Monster_SideStepLeft_AbilityGroup` shows enabled=off. Re-enable with `.beelz admin ability AB_Gloomrot_Monster_SideStepLeft_AbilityGroup enabled true`.
A9: 8 | B9: Spectral Strike AB_Gloomrot_Monster_ActivateBeams_AbilityGroup | C9: Adam the Firstborn | D9: Gloomrot Monster Activate Beams: Visual only. cool looking thought big ball of lightning and zap Category: Projectile Creature: Other | E9: — | F9: Doesn't drop from this unit by default. `.beelz admin ability AB_Gloomrot_Monster_ActivateBeams_AbilityGroup` shows enabled=off. Re-enable with `.beelz admin ability AB_Gloomrot_Monster_ActivateBeams_AbilityGroup enabled true`.
A10: 9 | B10: Spectral Strike AB_Gloomrot_Monster_SideStepRight_AbilityGroup | C10: Adam the Firstborn | D10: Gloomrot Monster Side Step Right: 2.5 space dash 30 degrees to the right. No damage. only can pick direction and not length of the dash. **Category TRAVEL** Category: Other Creature: Other | E10: — | F10: Doesn't drop from this unit by default. `.beelz admin ability AB_Gloomrot_Monster_SideStepRight_AbilityGroup` shows enabled=off. Re-enable with `.beelz admin ability AB_Gloomrot_Monster_SideStepRight_AbilityGroup enabled true`.
A11: 10 | B11: Golpe Espectral AB_Gloomrot_Monster_SideStepInit_AbilityGroup | C11: Adam, o Primogênito | D11: Gloomrot Monster Side Step Init: Nothing happens. Category: Other Creature: Other | E11: — | F11: Doesn't drop from this unit by default. `.beelz admin ability AB_Gloomrot_Monster_SideStepInit_AbilityGroup` shows enabled=off. Re-enable with `.beelz admin ability AB_Gloomrot_Monster_SideStepInit_AbilityGroup enabled true`.
A12: 11 | B12: Cursed Toad King Swallow AB_Cursed_ToadKing_Swallow_AbilityGroup | C12: Albert the Duke of Balaton | D12: Prefab: AB_Cursed_ToadKing_Swallow_AbilityGroup | E12: cooldown = 10 leapheight = 20 | F12: Doesn't drop from this unit by default. `.beelz admin ability AB_Cursed_ToadKing_Swallow_AbilityGroup` shows enabled=off. Re-enable with `.beelz admin ability AB_Cursed_ToadKing_Swallow_AbilityGroup enabled true`.
A13: 12 | B13: Undead Bishop Of Shadows Eternal Darkness AB_Undead_BishopOfShadows_EternalDarkness_AbilityGroup | C13: Alma de Sangue Primordial | D13: Prefab: AB_Undead_BishopOfShadows_EternalDarkness_AbilityGroup: ^ Long cast time (1.5s) followed by a long/drawn out (invisible) glide animation through the air. Immune whilst travelling. Possible use-case IF the travel time can be sped up. | E13: — | F13: Doesn't drop from this unit by default. `.beelz admin ability AB_Undead_BishopOfShadows_EternalDarkness_AbilityGroup` shows enabled=off. Re-enable with `.beelz admin ability AB_Undead_BishopOfShadows_EternalDarkness_AbilityGroup enabled true`.
... A387: 386 | B387: Wolf Boss Dash Attack Double AB_Wolf_Boss_DashAttack_Double_AbilityGroup | C387: 白色头狼 | D387: Wolf Boss Dash Attack Double | E387: — | F387: Doesn't drop from this unit by default. `.beelz admin ability AB_Wolf_Boss_DashAttack_Double_AbilityGroup` shows enabled=off. Re-enable with `.beelz admin ability AB_Wolf_Boss_DashAttack_Double_AbilityGroup enabled true`.
